<!DOCTYPE suite SYSTEM "http://testng.org/testng-1.0.dtd" >

<suite name="ENR Suite">
	<test name="ChromeTest">
		<classes>
			<!-- Self Account Scenarios -->
			<class name="com.enr_operational.tests.Creat_Self_Account_Test"></class>
		  	<class name="com.enr_operational.tests.Create_Self_Account_Create_Changes_Only_Trade_Relationship_Test"></class> 
		  	<class name="com.enr_operational.tests.Create_Self_Account_Create_Full_File_Update_Trade_Relationship_Test"></class>
		  	<class name="com.enr_operational.tests.Create_Self_Account_Create_Inbound_Employer_Maintenance_Trade_Relationships_Test"></class> 
		    <class name="com.enr_operational.tests.Create_Self_Account_Create_Third_Party_Agent_Changes_Only_Trade_Relationship_Test"></class>
		    <class name="com.enr_operational.tests.Create_Self_Account_Create_Third_Party_Agent_Full_File_Update_Trade_Relationship_Test"></class>
			
		
		</classes>
	</test>
</suite> 

